{"q_values": {"(14, 10, 1)": [-0.18433351371461296, -0.002355532131535782], "(21, 10, 1)": [2.408436571009574, -0.0001256134460409062], "(13, 1, 0)": [-0.8578865828958018, -0.7858386582644002], "(9, 3, 0)": [-0.18130056171792425, 0.00039083081514029386], "(21, 6, 1)": [2.1474793574871294, -7.3038004196996105e-06], "(17, 6, 0)": [0.08791724282871981, -0.528233862982186], "(13, 8, 1)": [-0.08812477168904989, -0.00019486499931107784], "(12, 8, 0)": [-0.6923137402027155, -0.6296736411324075], "(13, 8, 0)": [-0.7273903130537585, -0.6971393486153781], "(14, 10, 0)": [-1.1085980746863546, -0.9676171040332299], "(18, 9, 0)": [-0.35702596291116506, -0.47405778532610743], "(12, 1, 0)": [-0.6736106214018499, -0.6190188484828645], "(11, 1, 0)": [-0.4078030789081113, -0.0016346417680384467], "(17, 1, 0)": [-1.256696271579013, -1.2584646401914477], "(6, 1, 0)": [-0.17120170889404202, -0.0024746686672761733], "(17, 8, 1)": [-0.009151370904664629, -0.0011120944050625517], "(17, 8, 0)": [-0.7900513765609907, -0.8826681546689533], "(17, 9, 0)": [-0.8535027209076246, -0.8634421135449782], "(19, 9, 0)": [0.6054752040335964, -0.633303751530274], "(7, 2, 0)": [-0.11973913048934683, -0.0010411632376243112], "(6, 10, 0)": [-0.3716275987315631, -0.0057558252718952875], "(15, 10, 0)": [-1.1825412072630068, -1.1213425228934932], "(19, 2, 0)": [0.6946053316823381, -0.521465543568208], "(16, 8, 0)": [-1.0163394953906975, -0.9852112143131246], "(16, 4, 1)": [-0.06653437576751162, -0.0002256936023777892], "(20, 5, 0)": [1.3477766755671217, -0.8710687793392022], "(18, 4, 0)": [0.37738448390073426, -0.5862237113554746], "(21, 4, 0)": [1.0106923154706533, -0.4519791448456773], "(14, 8, 0)": [-0.8284101848479108, -0.8245815728860149], "(16, 10, 1)": [-0.2917418889285261, -0.0028951961529113624], "(13, 10, 0)": [-1.0134357643965983, -0.8290795646240895], "(19, 10, 0)": [-0.1808386869694713, -1.4302032306708656], "(11, 2, 0)": [-0.17784828058157942, 0.002041919161460978], "(14, 2, 0)": [-0.5669177646170949, -0.6353915904928424], "(17, 9, 1)": [-0.03872267396420931, -0.0010819903340934102], "(18, 10, 0)": [-0.5472211932140071, -1.2972588072352127], "(20, 8, 0)": [1.6042423287626755, -0.8454511021929965], "(11, 4, 0)": [-0.11577452183120426, 0.0022699582278672852], "(20, 4, 0)": [1.323876666362711, -0.8344431786197244], "(18, 1, 0)": [-0.7399967479889719, -0.7704421607784327], "(15, 8, 0)": [-0.8243453921011368, -0.8340729684258472], "(20, 4, 1)": [0.6747644811562645, 0.00011047718528762646], "(15, 4, 0)": [-0.4019796766716053, -0.4828590470094093], "(10, 3, 0)": [-0.20127869040430507, 0.003040501587304776], "(14, 5, 0)": [-0.48951561164670976, -0.5520158788283867], "(20, 10, 0)": [0.6930520851759228, -1.7444915297103338], "(19, 10, 1)": [-0.015717950385522164, -0.001836939041458728], "(11, 10, 0)": [-0.7399388248723731, 0.0015149304222285517], "(17, 10, 0)": [-1.0134339044830454, -1.3331309126917237], "(21, 2, 1)": [2.1415804529151523, 0.00014607449067206333], "(10, 1, 0)": [-0.31899602966867446, -0.0022362951891029877], "(11, 8, 0)": [-0.17319994106483083, 0.0012265119415961834], "(21, 8, 0)": [1.3696563283809557, -0.4579687621243438], "(17, 5, 0)": [-0.1500055753208396, -0.5838316312721419], "(12, 7, 0)": [-0.5690114484631339, -0.5202362434989273], "(13, 5, 0)": [-0.420403054683032, -0.4773900039540222], "(21, 5, 0)": [1.0970026929580365, -0.3886415422396955], "(17, 4, 0)": [-0.1470833877860617, -0.48557341165931067], "(8, 4, 0)": [-0.04470874700193115, 4.068319623469779e-05], "(18, 2, 0)": [0.019954627623469154, -0.507071941903045], "(16, 10, 0)": [-1.0931350404391345, -1.2497997176388453], "(20, 6, 0)": [1.27643665380831, -0.813273596712097], "(11, 7, 0)": [-0.2521078593233801, 0.0031229400262642285], "(15, 9, 0)": [-0.9094162308047099, -0.9045143043899724], "(14, 1, 0)": [-0.878152570197424, -0.8554796335979147], "(17, 7, 0)": [-0.1074207327982477, -0.5643817028522895], "(8, 10, 0)": [-0.6412306688154332, -0.005551408498617664], "(12, 10, 0)": [-1.0680356818114107, -0.6639093600557712], "(20, 2, 0)": [1.2464129606904009, -0.9613766973311086], "(8, 2, 0)": [-0.14478349043969357, -0.0011231948152149078], "(12, 2, 0)": [-0.6309145843321311, -0.6294669839056004], "(9, 6, 0)": [-0.06548894259137378, 0.0010489632953961927], "(14, 6, 0)": [-0.23830973490017107, -0.3328898906902549], "(20, 9, 0)": [1.4399629774170768, -0.9191846507599292], "(8, 6, 0)": [-0.008763809957937088, 0.0006163488800494442], "(14, 8, 1)": [-0.05734460219301, 0.00010037228750075426], "(9, 9, 0)": [-0.17461356516641327, -0.0012565587379481425], "(16, 2, 0)": [-0.5543668634652499, -0.5903057601194508], "(9, 8, 0)": [-0.1564387549227657, 0.00030478470555038125], "(5, 1, 0)": [-0.15451061114415982, -0.001576741656464291], "(17, 1, 1)": [-0.10494125889700436, -0.002406455520686187], "(16, 6, 0)": [-0.38715797289812526, -0.5214055844811373], "(21, 9, 1)": [2.3028081581551545, 0.00018057225631054266], "(15, 7, 0)": [-0.9712361041256349, -0.9761498687137465], "(14, 3, 0)": [-0.5117566835179622, -0.510554356806609], "(18, 3, 0)": [0.07241716989579576, -0.5350154820510218], "(21, 2, 0)": [1.164898932161826, -0.43318286889551477], "(13, 3, 0)": [-0.557245136050604, -0.5435794588064168], "(16, 1, 0)": [-1.1930711028863064, -1.1971351731332875], "(20, 1, 0)": [0.26520932267037556, -0.8946014774872583], "(16, 5, 1)": [-0.06585422247682698, -0.0004313736573859059], "(19, 4, 0)": [0.6860572652288759, -0.5853060358708357], "(6, 9, 0)": [-0.13376494003623124, -0.0023630510992520694], "(20, 3, 0)": [1.3064366385359563, -0.8564403874648852], "(13, 4, 1)": [-0.0787109501, 2.241837403564213e-05], "(13, 4, 0)": [-0.3041466918598563, -0.38729870063712196], "(11, 3, 0)": [-0.11338460020921667, 0.0019418993875370428], "(14, 4, 0)": [-0.35349160914502364, -0.46896443851858616], "(21, 1, 1)": [1.4829155798899536, -0.0003802013183872116], "(20, 7, 0)": [1.463458440670356, -0.8369685624176217], "(4, 1, 0)": [-0.029999, -0.0005077782219416638], "(14, 9, 0)": [-0.884776380561028, -0.9036697124725428], "(12, 5, 0)": [-0.44645519830542224, -0.4634442887639117], "(5, 4, 0)": [-0.0968592955720799, -0.0004273505853894287], "(7, 10, 0)": [-0.2942380475780936, -0.006413339128378317], "(18, 10, 1)": [-0.12815277529615332, -0.004126489324439343], "(15, 6, 0)": [-0.06313739359193624, -0.38461015316238023], "(16, 7, 1)": [-0.0584179002, -0.0005914593752044785], "(13, 6, 0)": [-0.44957950644881917, -0.5120058483079508], "(9, 4, 0)": [-0.09123414522299853, 0.0010091091829587107], "(12, 4, 0)": [-0.5417547550404346, -0.5435261944724574], "(15, 3, 0)": [-0.3121250456623791, -0.5045230760923691], "(17, 3, 0)": [-0.17284050051262712, -0.5759177185626081], "(20, 7, 1)": [0.8400432953735633, -5.931203849575313e-05], "(4, 4, 0)": [-0.00039595089501000096, -0.0003404020956033084], "(20, 1, 1)": [-0.009011104583303392, -0.001432417553051769], "(9, 5, 0)": [-0.0001917808595985268, 0.0011090591727023356], "(19, 5, 0)": [0.9314987789558197, -0.521500802862392], "(14, 7, 0)": [-0.8447652504256153, -0.8373725515374102], "(9, 10, 0)": [-0.4964079623742339, -0.004151175620542159], "(16, 5, 0)": [-0.3261305017083041, -0.4790398561114301], "(14, 6, 1)": [-0.019119840599, 0.000311449170091098], "(18, 6, 0)": [0.6394514730555028, -0.47227322782320447], "(20, 9, 1)": [0.736500555081891, 9.801714508899254e-05], "(6, 7, 0)": [-0.0787109501, -0.0017357184943961163], "(19, 3, 1)": [-0.018437454973079897, 0.0004954743066600819], "(19, 3, 0)": [0.597299855287904, -0.5050301821641141], "(5, 3, 0)": [-0.0398037849403986, -0.0006767567440218635], "(16, 4, 0)": [-0.48333856626490124, -0.5268533821499353], "(12, 3, 0)": [-0.5180060578311745, -0.4889598537541502], "(21, 3, 0)": [1.1531077413616753, -0.4124507723795947], "(12, 6, 0)": [-0.36643002618094905, -0.48779059456260593], "(18, 5, 0)": [0.31423424428710633, -0.5142195156877628], "(21, 4, 1)": [2.2305085908368385, 0.00023123965938625323], "(18, 4, 1)": [-0.0012022657403589834, 0.0007927822453991853],