{"q_values": {"(17, 6, 1)": [-0.0025008900278917804, 0.0013016876756536536], "(14, 6, 0)": [-0.16451018681120888, -0.42712131275116283], "(14, 10, 1)": [-0.48614045338263534, -0.0011731604312604264], "(14, 7, 1)": [-0.23189277173450193, -0.0003259482786555679], "(11, 10, 0)": [-0.5329418823010863, 0.0005413898912361014], "(20, 10, 1)": [0.45232463026361314, -0.00055499915340649], "(19, 10, 0)": [-0.06290854023400778, -0.8539828710982202], "(21, 10, 0)": [0.8704773525171481, -0.9999743802100818], "(16, 10, 0)": [-0.6928981658986926, -0.6106352164335443], "(20, 3, 0)": [0.6691294190487698, -0.8980871463727108], "(18, 10, 0)": [-0.19651896957977022, -0.7837762245629151], "(9, 10, 0)": [-0.5358829827561601, -0.0020392383016073906], "(12, 10, 0)": [-0.5490040058409285, -0.30138059715553994], "(20, 10, 0)": [0.41276948510781175, -0.9125565724537051], "(10, 3, 0)": [-0.14271513759909352, 0.0024297735522628627], "(19, 3, 0)": [0.3494576925204155, -0.8180790062478999], "(17, 4, 0)": [0.01817384693930392, -0.6368512052185686], "(8, 3, 0)": [-0.157787634053242, -0.00038232566081088006], "(10, 10, 0)": [-0.5862280642675689, -0.0005123632399376863], "(12, 1, 0)": [-0.8070645806707166, -0.30668543241980173], "(13, 1, 0)": [-0.8024235658770547, -0.41884897360011564], "(14, 1, 0)": [-0.7391126829968292, -0.4297587146866563], "(17, 1, 0)": [-0.697346343382282, -0.7204259447759784], "(20, 9, 0)": [0.7441665418975134, -0.899892713631326], "(16, 8, 0)": [-0.498746243799892, -0.6236277036867035], "(12, 7, 0)": [-0.5457735553329641, -0.29312587751559027], "(20, 6, 0)": [0.6485956826520016, -0.9348087034664461], "(19, 5, 0)": [0.46606223691260606, -0.8319073709437422], "(21, 5, 0)": [0.8883808758187979, -0.8434328284521153], "(9, 9, 0)": [-0.46030403786499063, -0.000661645470910446], "(19, 9, 0)": [0.32637545102162313, -0.8270025732399573], "(20, 5, 0)": [0.615910000816823, -0.931235344995477], "(5, 1, 0)": [-0.3768618702615495, -0.002438363082787283], "(20, 3, 1)": [0.679100506146618, 0.0012697938464062285], "(16, 4, 0)": [-0.23667122180076025, -0.6149380446435947], "(17, 8, 0)": [-0.4272797352738855, -0.6558943082438274], "(13, 9, 0)": [-0.5844396099153366, -0.3783897197917933], "(15, 9, 0)": [-0.613154980165577, -0.5745230229669139], "(20, 1, 0)": [0.1957161264468384, -0.9241408922284572], "(15, 10, 0)": [-0.6333570630346834, -0.5442981493284791], "(18, 3, 0)": [0.18039214102417764, -0.7418712849142135], "(12, 10, 1)": [-0.38525546281105505, -5.956628806763229e-05], "(17, 10, 1)": [-0.3808572251860559, -0.0026640475375142685], "(12, 5, 1)": [-0.117725340264969, 0.001196664008478971], "(14, 3, 1)": [-0.15058154739780716, 0.0004824145891819824], "(13, 3, 0)": [-0.3049274911724277, -0.41649491025264607], "(14, 10, 0)": [-0.5223856402229304, -0.47253975387326375], "(17, 6, 0)": [0.04050160763947289, -0.6896208610916073], "(14, 7, 0)": [-0.5198128494931484, -0.44238874450855736], "(15, 7, 0)": [-0.5459541249823417, -0.5659075234846489], "(21, 5, 1)": [0.9761630020626768, 0.002579425568582172], "(21, 1, 1)": [0.6794865612210951, -0.00034945462141255555], "(10, 7, 0)": [-0.3593751663815872, 0.0026575287916063427], "(17, 7, 0)": [-0.11862659174377785, -0.689133442803666], "(12, 9, 0)": [-0.6019694231695458, -0.32496378781979207], "(20, 8, 1)": [0.7752239615403824, 0.0006117127141505511], "(20, 8, 0)": [0.7978720836946511, -0.9290653137762952], "(8, 5, 0)": [-0.03613342765893139, 0.00037159059521978545], "(14, 5, 0)": [-0.24448595477576357, -0.46113598784298276], "(19, 10, 1)": [-0.0021495146892549256, -0.0014046778531248514], "(20, 7, 0)": [0.7453039890626362, -0.9048312244436556], "(10, 1, 0)": [-0.7481037239440067, -0.0016697569024154762], "(13, 10, 0)": [-0.5546459902190979, -0.41786235225072044], "(12, 2, 0)": [-0.35088702730825105, -0.3094887237440421], "(16, 10, 1)": [-0.5265459520860127, -0.0022348032303044774], "(9, 1, 0)": [-0.6496318023971768, -0.002649102643761702], "(21, 4, 0)": [0.8823356694987845, -0.8653028537921195], "(10, 6, 0)": [-0.16698065036195436, 0.00293960493842727], "(18, 6, 0)": [0.345488079998962, -0.752282668980572], "(19, 8, 1)": [0.6211672421392445, 0.0004912579513592761], "(14, 8, 1)": [-0.26838586152838706, -3.4573713288611934e-05], "(15, 8, 1)": [-0.2681510776316284, -0.0003642417101207028], "(18, 1, 0)": [-0.40074115842659885, -0.6970279586346926], "(11, 6, 0)": [-0.07145004784785619, 0.003135573988657313], "(11, 2, 0)": [-0.2385402011759838, 0.0021885895531608434], "(7, 10, 0)": [-0.4972114380304025, -0.00314518587095479], "(16, 3, 0)": [-0.23605749379163837, -0.6000341301701874], "(18, 10, 1)": [-0.20954877285932771, -0.0016149866285351485], "(19, 1, 0)": [-0.17399361128607063, -0.8574916322430906], "(18, 5, 0)": [0.24632939691632322, -0.7608149709000087], "(15, 6, 0)": [-0.11963716019107842, -0.5646446543047723], "(12, 5, 0)": [-0.10927699610024272, -0.3037322947648867], "(11, 3, 0)": [-0.17420803145842617, 0.0022150439668263125], "(13, 6, 0)": [-0.15103521239649526, -0.38532254166110846], "(12, 2, 1)": [-0.01990256945302347, 0.00017486767681576385], "(14, 8, 0)": [-0.5495707326124706, -0.4588459604968104], "(15, 5, 0)": [-0.24959553960222802, -0.5565707880964664], "(15, 4, 0)": [-0.18888055473846288, -0.517979538975877], "(7, 2, 0)": [-0.21227542921639592, -0.0017626461268442238], "(13, 7, 0)": [-0.45142670763205006, -0.42465748707128403], "(12, 4, 0)": [-0.20770306942192016, -0.3384525731485209], "(14, 4, 0)": [-0.23279825180100083, -0.4339491468470983], "(18, 4, 0)": [0.20785391658280433, -0.7771904274326749], "(21, 2, 1)": [0.9595394428159457, 0.002094843343991528], "(21, 2, 0)": [0.8872257595989957, -0.8826868595951571], "(15, 10, 1)": [-0.4862940136178905, -0.0013040120288072255], "(8, 9, 0)": [-0.48093843494881383, -0.002395802690221164], "(14, 9, 0)": [-0.5526519031294719, -0.39433274258007195], "(16, 9, 0)": [-0.644107221648048, -0.5808897435692737], "(19, 6, 0)": [0.4851169768909134, -0.8261773644060536], "(21, 6, 0)": [0.8904334416643863, -0.8533290511183188], "(18, 7, 0)": [0.49307561345206946, -0.7851039481041266], "(9, 4, 0)": [-0.23381150234943146, 0.0011530181674170195], "(17, 10, 0)": [-0.48019277178316255, -0.7038357657569019], "(10, 4, 0)": [-0.10092663063843715, 0.0025341699547700466], "(19, 4, 0)": [0.4434698441431303, -0.8156675831902895], "(21, 10, 1)": [0.9214549596904719, 0.0005725516363116634], "(13, 10, 1)": [-0.49140706289993746, -0.00016700571679796974], "(13, 8, 0)": [-0.4877702184616478, -0.3534426640324422], "(13, 2, 0)": [-0.2171891298235956, -0.4065008909099047], "(12, 3, 1)": [-0.04744902928652067, 0.0008400997814255057], "(16, 3, 1)": [-0.0871621901539795, 0.0002449814140597615], "(19, 3, 1)": [0.4071448166782593, 0.0006079082199777018], "(8, 10, 0)": [-0.6383430672844382, -0.0027269950940533557], "(15, 1, 0)": [-0.8153217920245983, -0.5317565485061118], "(14, 6, 1)": [-0.07548125441940226, 0.0009613523358291208], "(11, 4, 0)": [-0.24223167580989258, 0.00307790147060656], "(19, 2, 0)": [0.4062831926907694, -0.8420966142696948], "(21, 1, 0)": [0.6170329926759668, -0.9346589822016138], "(21, 7, 1)": [0.9916516830798707, 0.0018079174655344812], "(7, 9, 0)": [-0.3759357566213848, -0.0030070298449912654], "(15, 8, 0)": [-0.5207262661927918, -0.5941306059920011], "(14, 4, 1)": [-0.13887010568488922, 0.0005301509871572768], "(21, 8, 1)": [0.987782087469529, 0.0018551783012602005], "(15, 3, 0)": [-0.31392639528568217, -0.5424409572679849], "(12, 8, 0)": [-0.5198986288995233, -0.3297665970837538], "(11, 5, 0)": [-0.133296947689705, 0.0026892302818195095], "(20, 2, 0)": [0.633800296612669, -0.9245907646843214], "(20, 2, 1)": [0.6647429937654108, 0.0008936152223928259], "(18, 9, 0)": [-0.19940499308770504, -0.7692552813203939], "(17, 3, 0)": [-0.18629344862829222, -0.675034354730373], "(21, 6, 1)": [0.9855510410923127, 0.0026051411752081354], "(5, 2, 0)": [-0.15663059102823695, -0.0015708547583986043], "(15, 2, 0)": [-0.3171399322760534, -0.546645061567459],