{"q_values": {"(16, 10, 0)": [-0.6384976525821597, -0.6150044590789095], "(12, 10, 0)": [-0.49289099526066343, -0.30484053561296576], "(21, 10, 1)": [1.2556713672593485, -0.0009986380090497733], "(10, 10, 0)": [-0.6397515527950308, -0.0012103518304576145], "(13, 10, 0)": [-0.5516483516483516, -0.39871754594620606], "(16, 10, 1)": [-0.5000000000000001, -0.002537486825775656], "(14, 10, 0)": [-0.5810810810810808, -0.44875509339622643], "(15, 5, 0)": [-0.16184971098265885, -0.5975814516129037], "(15, 5, 1)": [-0.6, 0.0004903846153846155], "(18, 10, 0)": [-0.2435390696260262, -0.7660311926605496], "(14, 1, 0)": [-0.81651376146789, -0.4885977620730271], "(9, 10, 0)": [-0.4307692307692306, -0.0025170534193548416], "(15, 10, 0)": [-0.6018099547511313, -0.544381190856089], "(11, 10, 0)": [-0.5544554455445541, -0.0002679236586985395], "(14, 2, 0)": [-0.24824684431977598, -0.5806336947368419], "(20, 1, 1)": [0.16149068322981364, -0.006111166666666667], "(15, 2, 0)": [-0.2874617737003063, -0.5339822033898302], "(21, 1, 0)": [0.6795454545454542, -1.0], "(11, 1, 0)": [-0.8571428571428572, -0.000976759486486485], "(15, 9, 0)": [-0.594771241830065, -0.5455798090040924], "(13, 9, 0)": [-0.5922330097087378, -0.39328593818181806], "(10, 9, 0)": [-0.5217391304347825, 3.112582781456945e-05], "(14, 10, 1)": [-0.6595744680851064, -0.0004469074384196186], "(6, 10, 0)": [-0.5692307692307691, -0.0036001871313929325], "(18, 4, 0)": [0.15834767641996567, -0.7536350649350648], "(10, 8, 0)": [-0.4000000000000001, 0.0005778070739549838], "(17, 8, 0)": [-0.3959390862944163, -0.634590588235294], "(9, 8, 0)": [-0.31250000000000006, -0.0004905697735849057], "(20, 5, 0)": [0.647272727272728, -0.9518399999999998], "(12, 8, 0)": [-0.4177215189873418, -0.2839091348773842], "(21, 10, 0)": [0.8880239520958086, -1.0], "(20, 10, 0)": [0.42554744525547483, -0.9284173913043475], "(13, 2, 0)": [-0.23272214386459777, -0.36579531775700935], "(17, 10, 0)": [-0.4569666386319035, -0.6748801435406703], "(15, 6, 0)": [-0.14330218068535827, -0.4581239479166667], "(14, 6, 0)": [-0.14868804664723045, -0.4196190380952381], "(21, 9, 0)": [0.9395604395604397, -1.0], "(15, 4, 0)": [-0.198250728862974, -0.5824489795918372], "(12, 6, 0)": [-0.14919852034525308, -0.24542446808510643], "(16, 7, 0)": [-0.40885416666666635, -0.49919799999999986], "(11, 9, 0)": [-0.6206896551724138, 0.0005923076923076921], "(19, 10, 0)": [-0.018576826196473543, -0.8540653846153844], "(20, 7, 0)": [0.7599999999999991, -0.9059829059829057], "(13, 4, 0)": [-0.11373707533234859, -0.4187378640776698], "(20, 4, 0)": [0.6433289299867901, -0.9167424242424241], "(8, 2, 0)": [-0.09999999999999996, -0.0012292256410256408], "(20, 6, 0)": [0.6601815823605702, -0.8878504672897195], "(17, 6, 0)": [-0.013793103448275888, -0.7235609195402296], "(19, 6, 1)": [0.46153846153846156, 0.0019999999999999996], "(21, 6, 0)": [0.9261363636363635, -1.0], "(20, 8, 0)": [0.7772177419354838, -0.9305384615384618], "(18, 7, 0)": [0.47465437788018416, -0.7593269230769232], "(21, 9, 1)": [1.3473282442748082, 0.00041250000000000027], "(20, 9, 0)": [0.7427716849451643, -0.9294405594405599], "(17, 8, 1)": [-0.27272727272727265, 0.00025677966101694946], "(19, 7, 1)": [0.5227272727272727, 0.0008249999999999996], "(19, 5, 0)": [0.43673469387755115, -0.8561111111111117], "(14, 9, 0)": [-0.6481481481481479, -0.442816359163592], "(17, 5, 0)": [-0.0676416819012798, -0.6458227848101264], "(9, 2, 0)": [-0.025000000000000005, -0.0001575436507936515], "(21, 8, 0)": [0.9406528189910975, -1.0], "(15, 7, 0)": [-0.5370370370370366, -0.5332281593406591], "(16, 4, 0)": [-0.24297520661157035, -0.6592952941176472], "(16, 4, 1)": [-0.2631578947368421, -0.0015871287128712865], "(10, 6, 0)": [-0.18181818181818182, 0.0015588235294117642], "(21, 8, 1)": [1.335820895522388, -0.0006573770491803277], "(19, 4, 0)": [0.45067264573991056, -0.904109589041096], "(19, 3, 0)": [0.4117647058823526, -0.8824694117647058], "(9, 3, 0)": [-0.3953488372093023, 0.0012767790262172294], "(11, 2, 0)": [-0.29166666666666674, 0.0016860635452322745], "(18, 6, 0)": [0.2859922178988331, -0.7853559523809522], "(21, 6, 1)": [1.2802469135802461, 0.002605797101449275], "(5, 10, 0)": [-0.6666666666666667, -0.0029059506904605243], "(17, 1, 0)": [-0.6506159014557678, -0.7721864583333335], "(12, 1, 0)": [-0.6831683168316833, -0.2955509247718863], "(8, 1, 0)": [-0.8571428571428572, -0.004112395990099008], "(13, 8, 0)": [-0.5247524752475249, -0.36819382422802854], "(18, 10, 1)": [-0.16071428571428578, -0.0021330787204724387], "(15, 9, 1)": [-0.16666666666666663, -0.0007959600000000003], "(7, 6, 0)": [-0.10344827586206899, -0.0004502824858757063], "(13, 7, 0)": [-0.4893617021276594, -0.3637352631578949], "(19, 7, 0)": [0.6513470681458001, -0.8397530864197532], "(16, 3, 0)": [-0.28888888888888836, -0.6321839080459771], "(13, 6, 0)": [-0.2185238784370478, -0.3724418603488372], "(20, 2, 0)": [0.6172985781990514, -0.9243697478991598], "(17, 7, 0)": [-0.03883495145631064, -0.7166326086956523], "(17, 3, 0)": [-0.0961887477313974, -0.6904761785714284], "(13, 5, 0)": [-0.16393442622950827, -0.3493577981651377], "(14, 4, 0)": [-0.21597633136094674, -0.5438825145631065], "(20, 3, 0)": [0.6464891041162226, -0.9034677419354841], "(14, 5, 0)": [-0.1828571428571428, -0.47241379310344817], "(21, 3, 0)": [0.9166666666666662, -1.0], "(14, 3, 0)": [-0.20783132530120466, -0.4284803571428572], "(21, 5, 0)": [0.9151515151515149, -1.0], "(21, 5, 1)": [1.2722891566265058, 0.00016998333333333342], "(6, 7, 0)": [-0.411764705882353, -0.002911007874015748], "(18, 7, 1)": [0.5106382978723404, 0.0016749999999999996], "(12, 4, 0)": [-0.14899328859060382, -0.40632073584905654], "(19, 6, 0)": [0.5105042016806722, -0.8108899999999998], "(19, 9, 0)": [0.27605633802816915, -0.8370652173913045], "(10, 3, 0)": [-0.3478260869565217, 0.0008552486187845305], "(10, 4, 0)": [-2.7755575615628914e-17, 0.0013079710144927538], "(19, 10, 1)": [-0.01298701298701299, -0.002086588768115942], "(16, 1, 1)": [-0.9047619047619048, -0.0025263157894736842], "(15, 1, 1)": [-1.0, -0.0032276091954022987], "(14, 4, 1)": [-0.03703703703703701, 0.0006278101265822783], "(21, 3, 1)": [1.2730769230769232, -0.0010526315789473686], "(9, 6, 0)": [-0.17857142857142858, 0.0008506768707482996], "(7, 10, 0)": [-0.702127659574468, -0.0030952563694267546], "(4, 10, 0)": [-0.5555555555555555, -0.0020478833128834356], "(9, 1, 0)": [-0.5609756097560974, -0.0029366834362934383], "(16, 9, 1)": [-0.23076923076923073, -0.0018990900000000002], "(16, 2, 0)": [-0.3653250773993811, -0.596709756097561], "(12, 2, 0)": [-0.2903225806451612, -0.3490169642857142], "(5, 2, 0)": [-0.5000000000000001, -0.0018132650602409634], "(20, 2, 1)": [0.6036036036036032, -0.0008782608695652175], "(5, 1, 0)": [-0.6470588235294118, -0.002901301204819277], "(17, 9, 0)": [-0.4348894348894348, -0.6756490740740744], "(7, 9, 0)": [-0.4166666666666667, -0.0033914022988505736], "(15, 1, 0)": [-0.5725190839694656, -0.5428485074626868], "(15, 8, 0)": [-0.5193370165745855, -0.5558411214953273], "(18, 5, 0)": [0.18260869565217402, -0.749021739130435], "(8, 10, 0)": [-0.5483870967741933, -0.003201669810650889], "(20, 6, 1)": [0.6220472440944881, -0.0011764705882352936], "(19, 4, 1)": [0.37226277372262767, -0.0014285714285714284], "(18, 2, 0)": [0.1608996539792388, -0.7356043956043956], "(17, 10, 1)": [-0.409090909090909, -0.002011691607929516], "(16, 3, 1)": [-0.09090909090909091, 0.0006743243243243241], "(10, 5, 0)": [-0.2941176470588235, 0.0018373831775700933], "(16, 1, 0)": [-0.6964285714285715, -0.5961302211302201], "(13, 8, 1)": [-0.6666666666666666, 0.0003230881318681321], "(12, 5, 0)": [-0.16312056737588657, -0.3773067307692309], "(14, 8, 0)": [-0.6363636363636361, -0.45262993939393914], "(11, 8, 0)": [-0.62962962962963, 0.0012792941176470588], "(9, 4, 0)": [-0.34782608695652173, 0.0006294117647058828], "(19, 5, 1)": [0.42702702702702683, -0.0005263157894736843], "(8, 5, 0)": [-0.07317073170731708, -0.00047991266375545846],