{"q_values": {"(19, 5, 0)": [0.368421052631579, -0.815921052631579], "(14, 5, 0)": [-0.22608695652173905, -0.39627558139534885], "(17, 10, 0)": [-0.4796476306196839, -0.6818758024691354], "(21, 10, 1)": [1.2338760175328756, -0.0028600837438423642], "(13, 9, 0)": [-0.6875, -0.39584717567567573], "(15, 7, 0)": [-0.5449101796407188, -0.5096414600550969], "(13, 10, 0)": [-0.570469798657718, -0.38584177816345927], "(13, 1, 0)": [-0.7606837606837604, -0.36109555408653854], "(11, 1, 0)": [-0.68, -0.0005786562500000007], "(20, 9, 0)": [0.7630799605133276, -0.9303846153846157], "(16, 2, 0)": [-0.3304597701149425, -0.5805357142857144], "(15, 6, 0)": [-0.15337423312883436, -0.49550786516853945], "(6, 2, 0)": [-0.23076923076923075, -0.0024111388888888906], "(18, 10, 0)": [-0.2618968386023291, -0.8103738154613472], "(16, 4, 0)": [-0.1876019575856443, -0.7039795918367348], "(14, 3, 0)": [-0.2571428571428571, -0.4515955663716815], "(19, 3, 1)": [0.5193798449612402, 0.0004762376190476187], "(8, 3, 0)": [-0.2972972972972973, -0.0011353152173913042], "(18, 6, 0)": [0.2547169811320753, -0.765842857142857], "(13, 10, 1)": [-0.590909090909091, -0.0011974807692307673], "(21, 4, 0)": [0.8596491228070169, -1.0], "(20, 4, 0)": [0.6713375796178342, -0.931293103448276], "(16, 8, 0)": [-0.5090439276485789, -0.5579491803278689], "(12, 1, 0)": [-0.7575757575757573, -0.30382819844647574], "(13, 3, 1)": [-0.0476190476190476, -0.0011222333333333334], "(18, 7, 0)": [0.41209563994374143, -0.7411235955056181], "(13, 7, 0)": [-0.5510204081632654, -0.3723938089591568], "(12, 10, 0)": [-0.6098765432098763, -0.3044640342039638], "(20, 10, 1)": [0.46526655896607416, -0.0009793586956521735], "(8, 4, 0)": [-0.37142857142857133, -0.000993939350649351], "(16, 6, 0)": [-0.12320000000000011, -0.5743689655172411], "(8, 6, 0)": [-0.015873015873015858, -0.0002681318681318676], "(15, 10, 1)": [-0.7037037037037036, -0.0011299765625], "(9, 10, 0)": [-0.5074626865671642, -0.0027262425447316095], "(17, 9, 0)": [-0.4423558897243105, -0.6658974358974359], "(19, 10, 0)": [-0.028292354328056525, -0.8257754010695187], "(11, 10, 0)": [-0.5288461538461536, -0.00012818006644518294], "(20, 7, 0)": [0.8115501519756839, -0.9239999999999996], "(13, 8, 0)": [-0.4228187919463088, -0.37894018548387093], "(20, 10, 0)": [0.4322033898305081, -0.9045886654478972], "(16, 1, 0)": [-0.7323943661971828, -0.6479792009400707], "(20, 2, 0)": [0.6519871106337262, -0.8906250000000002], "(21, 2, 1)": [1.253947368421053, -0.0021939999999999998], "(14, 2, 1)": [-0.4285714285714286, 0.0004600000000000002], "(13, 2, 1)": [-0.4545454545454545, 5.882352941176619e-06], "(8, 10, 0)": [-0.49253731343283585, -0.002988065995449374], "(20, 5, 0)": [0.664691943127962, -0.9239047619047619], "(12, 5, 0)": [-0.1440559440559438, -0.41140185046728983], "(11, 4, 0)": [-0.25581395348837216, 0.0017035947242206235], "(21, 10, 0)": [0.8845646437994718, -1.0], "(14, 10, 0)": [-0.5236139630390148, -0.44982018645699606], "(17, 8, 0)": [-0.3604651162790697, -0.6505802325581396], "(14, 8, 0)": [-0.5068493150684932, -0.4885745796089391], "(20, 8, 1)": [0.7578125, 0.000476190476190476], "(15, 8, 1)": [-0.6470588235294118, -0.002172191391304348], "(17, 5, 0)": [-0.029360967184801384, -0.6754216867469879], "(17, 5, 1)": [-0.30000000000000004, 7.92e-05], "(15, 4, 0)": [-0.2543352601156065, -0.6233673469387754], "(15, 10, 0)": [-0.5853018372703412, -0.5401310874890645], "(15, 3, 0)": [-0.23199999999999998, -0.5833009708737861], "(17, 6, 0)": [0.07228915662650603, -0.6979621359223303], "(18, 5, 0)": [0.1776937618147446, -0.7998811764705882], "(8, 5, 0)": [-0.1176470588235294, -0.00015957916666666704], "(7, 5, 0)": [-0.3846153846153846, -0.00029878915662650635], "(18, 1, 0)": [-0.3827460510328063, -0.7480373831775704], "(16, 10, 0)": [-0.5991698784464855, -0.619792307692307], "(10, 4, 0)": [-0.2857142857142856, 0.0018020408163265309], "(13, 2, 0)": [-0.4603174603174602, -0.3767651918819183], "(16, 7, 0)": [-0.47126436781609177, -0.6095228571428571], "(6, 7, 0)": [-0.5555555555555556, -0.00195662244825175], "(8, 2, 0)": [-0.2631578947368421, -0.000411013715596331], "(21, 3, 0)": [0.8684210526315784, -1.0], "(16, 3, 0)": [-0.22436849925705799, -0.5744702127659576], "(20, 8, 0)": [0.8068893528183718, -0.8971653543307085], "(19, 4, 0)": [0.3824786324786321, -0.8862500000000002], "(21, 9, 0)": [0.9403409090909091, -1.0], "(15, 9, 0)": [-0.515527950310559, -0.5006799999999999], "(18, 2, 0)": [0.24013722126929668, -0.7571621621621621], "(20, 3, 0)": [0.6854066985645934, -0.8873275862068968], "(12, 7, 0)": [-0.4045801526717558, -0.28604649870466325], "(14, 4, 0)": [-0.19561815336463226, -0.48284482758620706], "(20, 1, 0)": [0.15996425379803378, -0.9350359712230212], "(10, 10, 0)": [-0.5934065934065937, -0.0009469413202933991], "(15, 2, 0)": [-0.3023255813953489, -0.5343790476190475], "(13, 4, 0)": [-0.18218623481781362, -0.4062144054054053], "(20, 6, 0)": [0.692019950124689, -0.9533846153846149], "(21, 6, 0)": [0.910714285714286, -1.0], "(21, 6, 1)": [1.2866847826086958, 0.0009974999999999997], "(12, 8, 0)": [-0.5221238938053098, -0.29974611592356715], "(17, 8, 1)": [-0.1333333333333334, -0.00026666666666666673], "(19, 8, 0)": [0.6455331412103754, -0.8760824742268041], "(9, 4, 0)": [-0.15555555555555553, -3.618430034129701e-05], "(19, 6, 0)": [0.5236051502145926, -0.8069354838709678], "(19, 6, 1)": [0.5267857142857141, 0.0021285714285714293], "(18, 9, 0)": [-0.19380888290713322, -0.7950457943925233], "(15, 8, 0)": [-0.5867768595041322, -0.5481778728606359], "(9, 6, 0)": [-0.19999999999999998, 0.0018731707317073173], "(16, 4, 1)": [-0.052631578947368404, -8.60695652173911e-05], "(8, 1, 0)": [-0.875, -0.0036103084579439245], "(18, 8, 0)": [0.07034482758620692, -0.7343581196581196], "(14, 1, 0)": [-0.6756756756756753, -0.4840914893617025], "(17, 3, 0)": [-0.12989045383411582, -0.7146142857142858], "(19, 3, 0)": [0.4359430604982205, -0.8585882352941173], "(15, 5, 0)": [-0.14824797843665763, -0.5087281818181816], "(17, 2, 0)": [-0.1770682148040638, -0.6584626373626375], "(10, 6, 0)": [-0.3061224489795917, 0.0018930567823343852], "(7, 6, 0)": [-0.019607843137254877, -0.0015719352517985612], "(21, 5, 1)": [1.261394101876677, 0.00016834999999999978], "(19, 10, 1)": [-0.024000000000000014, -0.0019770733082706757], "(18, 10, 1)": [-0.08490566037735847, -0.0012838468322981366], "(7, 4, 0)": [-0.49999999999999994, -0.0005769358974358974], "(14, 9, 0)": [-0.5135135135135133, -0.45724572865013774], "(5, 10, 0)": [-0.56, -0.0034259727648464173], "(11, 6, 0)": [-0.27999999999999997, 0.002534429779614327], "(16, 5, 0)": [-0.11811023622047236, -0.6397948453608248], "(11, 5, 0)": [-0.2222222222222222, 0.0026083518987341774], "(17, 10, 1)": [-0.5901639344262294, -0.0026077878787878765], "(4, 4, 0)": [-1.0, -0.0002647352941176466], "(21, 5, 0)": [0.8562874251496999, -1.0], "(19, 5, 1)": [0.4227642276422763, 0.0016333333333333332], "(4, 8, 0)": [-0.33333333333333337, -0.0021242727272727277], "(11, 8, 0)": [-0.5384615384615383, 0.000300274456521739], "(15, 4, 1)": [-0.37500000000000006, 0.0008860759493670886], "(12, 4, 0)": [-0.25722145804676777, -0.33263007518796994], "(19, 4, 1)": [0.5954198473282443, 0.00134], "(10, 8, 0)": [-0.4883720930232558, 0.000903108695652174], "(5, 8, 0)": [-0.5555555555555556, -0.002541253333333333], "(17, 1, 0)": [-0.6199158485273495, -0.6953037558685448], "(18, 1, 1)": [-0.375, -0.002969398163265305], "(9, 7, 0)": [-0.26086956521739135, 0.0005870236614173229], "(7, 7, 0)": [-0.3333333333333333, -0.0018407430167597762], "(10, 2, 0)": [-0.43589743589743596, 0.0011248612716763006], "(11, 7, 0)": [-0.4615384615384615, 0.0019139612403100768], "(15, 1, 0)": [-0.7731958762886595, -0.5359733031674208], "(7, 10, 0)": [-0.409090909090909, -0.0029397007596899225], "(19, 9, 0)": [0.25936599423631085, -0.8718095744680854], "(9, 9, 0)": [-0.5483870967741935, -0.0010894508727272727], "(18, 4, 0)": [0.1623762376237625, -0.8024703703703702],