{"q_values": {"(15, 6, 0)": [-0.13263391820869935, -0.38519724310883613], "(26, 10, 0)": [0.0, 0.0], "(18, 10, 0)": [-0.1801308099513757, -0.6690409909158215], "(21, 8, 0)": [0.9284496364667211, -0.9951884131277832], "(16, 8, 0)": [-0.5902915350839582, -0.47368484715015513], "(28, 8, 0)": [0.0, 0.0], "(12, 8, 0)": [-0.6112405691116048, -0.20823067833829895], "(17, 6, 0)": [0.051076659288575126, -0.567891606684443], "(10, 4, 0)": [-0.23186922961405354, 0.2488089721594463], "(17, 4, 1)": [-0.12441717657622614, 0.03571135507952827], "(19, 9, 0)": [0.29306567524693583, -0.694562430050489], "(9, 2, 0)": [-0.40606044663188523, 0.07687610026769964], "(18, 10, 1)": [-0.25371237419005005, -0.14092961874177506], "(16, 8, 1)": [-0.33896435556781035, -0.033394124926458435], "(15, 8, 1)": [-0.4233429876044455, -0.010637529524891968], "(19, 8, 1)": [0.6580451577971751, 0.11944486237383788], "(15, 8, 0)": [-0.5870564389997699, -0.29717090825794024], "(25, 8, 0)": [0.0, 0.0], "(13, 4, 0)": [-0.40562373777555155, -0.28988253467613584], "(25, 5, 0)": [0.0, 0.0], "(19, 5, 0)": [0.4514385971975172, -0.7217025780348028], "(13, 9, 0)": [-0.5573438659861599, -0.351238287184913], "(12, 10, 0)": [-0.5957860369457556, -0.4622636033164852], "(12, 3, 0)": [-0.38136712985544424, -0.3222082607486471], "(10, 7, 0)": [-0.3991513366030844, 0.31908410832382234], "(14, 4, 0)": [-0.09192834717421447, -0.4006182034291637], "(16, 3, 0)": [-0.24004365555282028, -0.5380966409363458], "(8, 3, 0)": [-0.2067639314941964, 0.01593336604593638], "(24, 3, 0)": [0.0, 0.0], "(15, 10, 0)": [-0.6578013477736169, -0.5611885050272021], "(13, 10, 0)": [-0.5781801819460912, -0.4202524177456017], "(27, 9, 0)": [0.0, 0.0], "(17, 9, 0)": [-0.354523758666941, -0.5835079898071771], "(12, 5, 0)": [-0.33075697063534615, -0.14616136723887624], "(12, 1, 0)": [-0.7092851371779493, -0.4997289528775103], "(19, 10, 0)": [-0.04936276359367035, -0.7429767924425787], "(14, 9, 0)": [-0.5283086379959302, -0.40200026176059367], "(13, 2, 0)": [-0.44462782586157307, -0.39220851748916546], "(18, 8, 0)": [0.058677829406300695, -0.6043472926588944], "(22, 10, 0)": [0.0, 0.0], "(11, 2, 0)": [-0.2783874024765898, 0.24297303431478137], "(13, 3, 0)": [-0.3476964304811511, -0.4132604365832967], "(10, 3, 0)": [-0.2117592298319153, 0.19053679042764554], "(28, 10, 0)": [0.0, 0.0], "(17, 1, 0)": [-0.6214824127799998, -0.769468455924127], "(10, 10, 0)": [-0.5294459217153764, 0.009268922046659364], "(22, 5, 0)": [0.0, 0.0], "(16, 5, 0)": [-0.1316234501962159, -0.5108785538467411], "(7, 9, 0)": [-0.45607631247755615, -0.2677005778895558], "(15, 7, 0)": [-0.5624266139443374, -0.4292062968272739], "(16, 10, 0)": [-0.7169356430860873, -0.47192515306274446], "(8, 10, 0)": [-0.6415810777090731, -0.30232754056592437], "(12, 2, 0)": [-0.36633303396360173, -0.2919506173979814], "(18, 6, 0)": [0.33923338276082826, -0.5738803112016831], "(12, 9, 0)": [-0.498945714729974, -0.29156096534864956], "(11, 9, 0)": [-0.48248166009800914, 0.14644346788574197], "(4, 9, 0)": [-0.22540627455452528, -0.21625636733710446], "(21, 9, 0)": [0.9201195031545114, -0.9959441055966894], "(27, 4, 0)": [0.0, 0.0], "(20, 4, 0)": [0.6458897533698589, -0.8746444170224783], "(15, 5, 0)": [-0.14526534083657322, -0.38708020073425814], "(20, 5, 1)": [0.6166085909797128, 0.1543632977592741], "(28, 5, 0)": [0.0, 0.0], "(16, 7, 1)": [-0.34862912895243675, 0.032699787241685624], "(23, 6, 0)": [0.0, 0.0], "(13, 6, 0)": [-0.15481252291072078, -0.32443214118391095], "(22, 6, 0)": [0.0, 0.0], "(16, 6, 0)": [-0.29786670210876104, -0.5397471252197943], "(17, 7, 0)": [-0.0003517793447166094, -0.4309810479662302], "(14, 7, 0)": [-0.4679262966342059, -0.3005989821669332], "(17, 10, 0)": [-0.7001706092797626, -0.6575644980526935], "(19, 10, 1)": [-0.17525033838722284, -0.10270639800320708], "(20, 8, 1)": [0.788970165254019, 0.14070427112553588], "(15, 9, 0)": [-0.5912345608663679, -0.45110595545971305], "(10, 6, 0)": [-0.17044214453118506, 0.36219075718357774], "(24, 7, 0)": [0.0, 0.0], "(6, 10, 0)": [-0.4932983776491769, -0.3496250621708005], "(9, 10, 0)": [-0.660227287396013, -0.20368440854059372], "(24, 10, 0)": [0.0, 0.0], "(14, 10, 0)": [-0.6270239303460737, -0.5441220628380751], "(8, 8, 0)": [-0.5946323989488579, -0.07345253996889134], "(13, 8, 0)": [-0.4860342539205967, -0.21083325418238627], "(25, 1, 0)": [0.0, 0.0], "(15, 1, 0)": [-0.7156617642743169, -0.6544749077965186], "(20, 7, 0)": [0.7723715983745061, -0.7889360578330272], "(9, 5, 0)": [-0.11662620313462062, 0.18263787541451695], "(7, 5, 0)": [-0.11533461937320735, -0.003485030939998978], "(9, 4, 0)": [-0.0648450606530885, 0.10537146192696613], "(15, 10, 1)": [-0.7145570684255271, -0.14396437177908672], "(20, 10, 1)": [0.3761274080135145, 0.06303446147089237], "(13, 7, 0)": [-0.4922346280278736, -0.26526335399115714], "(29, 10, 0)": [0.0, 0.0], "(25, 10, 0)": [0.0, 0.0], "(21, 7, 1)": [1.3175778010126842, 0.2716270807961339], "(12, 4, 0)": [-0.18355517357908246, -0.34094526344644516], "(13, 1, 0)": [-0.7455040188849565, -0.49759479529386647], "(20, 6, 0)": [0.743708358452679, -0.848613577093004], "(30, 6, 0)": [0.0, 0.0], "(29, 4, 0)": [0.0, 0.0], "(26, 6, 0)": [0.0, 0.0], "(23, 10, 0)": [0.0, 0.0], "(19, 1, 1)": [-0.06413701035296061, -0.28123263458787306], "(22, 1, 0)": [0.0, 0.0], "(15, 3, 0)": [-0.29970577028392237, -0.44830849099471715], "(20, 3, 1)": [0.6899827218271407, 0.20568878694080037], "(13, 1, 1)": [-0.5830763261886969, -0.2457002659619112], "(11, 7, 0)": [-0.44265409650765614, 0.3448221938920236], "(24, 9, 0)": [0.0, 0.0], "(14, 2, 0)": [-0.1948448484180015, -0.43918332364645185], "(21, 2, 1)": [1.241096932218696, 0.22242556464868826], "(20, 2, 0)": [0.660412279159989, -0.8694682882672462], "(19, 3, 0)": [0.40202030732101673, -0.7825550270801366], "(7, 10, 0)": [-0.628222155414442, -0.37020605491164676], "(23, 3, 0)": [0.0, 0.0], "(21, 1, 1)": [0.8237591109663877, -0.14114793454611382], "(17, 6, 1)": [0.05800517962066391, 0.15237681184687277], "(15, 2, 0)": [-0.3050542398381538, -0.5020891343987257], "(21, 3, 0)": [0.8750933205653039, -0.9905652522494962], "(17, 3, 0)": [-0.11550357914924665, -0.5216889090346509], "(31, 3, 0)": [0.0, 0.0], "(18, 3, 0)": [0.21771744841124063, -0.6529914840331374], "(30, 8, 0)": [0.0, 0.0], "(20, 8, 0)": [0.8310732834929417, -0.7956211963785366], "(18, 1, 0)": [-0.4373471108316664, -0.7323299563646153], "(16, 1, 0)": [-0.7930352266727831, -0.67687525264847], "(23, 1, 0)": [0.0, 0.0], "(18, 3, 1)": [0.041310859288056084, 0.08157609673277284], "(14, 4, 1)": [-0.1803118419717494, 0.13771912445486278], "(7, 3, 0)": [-0.2947026844681322, -0.10256076720130203], "(27, 3, 0)": [0.0, 0.0], "(28, 1, 0)": [0.0, 0.0], "(27, 1, 0)": [0.0, 0.0], "(18, 4, 1)": [0.07247385445842561, 0.1077301195049525], "(19, 8, 0)": [0.5545717619694015, -0.7072090167996373], "(10, 8, 0)": [-0.5747241187955975, 0.23458567097195568], "(19, 4, 0)": [0.5260962912611951, -0.6816889135722581], "(11, 4, 0)": [-0.08527760388894776, 0.270359170049411], "(5, 10, 0)": [-0.6044545637227776, -0.3452242683778716], "(18, 9, 0)": [-0.03742950700531538, -0.515653440707798], "(11, 10, 0)": [-0.6440716511806819, -0.012171225853265766], "(25, 3, 0)": [0.0, 0.0], "(21, 10, 1)": [1.2014166271082705, 0.011826813157733944], "(27, 10, 0)": [0.0, 0.0], "(12, 10, 1)": [-0.5036692501151828, -0.11263498679045264], "(20, 5, 0)": [0.7265734959466205, -0.8816871080086491], "(22, 7, 0)": [0.0, 0.0], "(18, 7, 0)": [0.4581242152428357, -0.6166165355263841], "(18, 2, 0)": [0.08281890431136384, -0.6653862406382383], "(20, 10, 0)": [0.3703874489464171, -0.8215907151903851], "(28, 7, 0)": [0.0, 0.0], "(21, 8, 1)": [1.3493641035281119, 0.2780553075390602], "(30, 4, 0)": [0.0, 0.0], "(19, 7, 0)": [0.6239413413735744, -0.684221144527626], "(21, 10, 0)": [0.90395840490983, -0.9999999993446856], "(24, 8, 0)": [0.0, 0.0], "(17, 8, 0)": [-0.3615409617755132, -0.49528946866172535], "(29, 7, 0)": [0.0, 0.0],