{"q_values": {"(23, 4, 0)": [0.0, 0.0], "(19, 4, 0)": [0.3945127342767831, -0.8385080453639636], "(15, 10, 0)": [-0.6645013737360068, -0.5720715664659047], "(18, 10, 0)": [-0.2436611681759534, -0.7751180093951922], "(12, 10, 0)": [-0.5883927341841784, -0.36023898505838364], "(20, 5, 0)": [0.6762175244033518, -0.8811949783741003], "(11, 1, 0)": [-0.7382559502083718, -0.0006673134353077132], "(8, 10, 0)": [-0.572813791484307, -0.0029787260982184057], "(10, 4, 0)": [-0.1929432315668565, 0.0029577438037159], "(30, 3, 0)": [0.0, 0.0], "(20, 3, 0)": [0.6823936649764075, -0.9287333844772521], "(18, 5, 0)": [0.16700166464466906, -0.8058079482814985], "(8, 5, 0)": [-0.18852284919741974, 0.0001401846336931847], "(17, 7, 0)": [-0.10183606723614856, -0.6489074543301855], "(15, 7, 0)": [-0.6429795969139347, -0.5477705041948114], "(27, 7, 0)": [0.0, 0.0], "(21, 10, 1)": [0.8893706325064693, 0.0009096999048467554], "(19, 10, 1)": [-0.004584775882483823, -0.0016808434828286948], "(8, 6, 0)": [-0.12176073158786847, 0.0005725355647381807], "(14, 10, 0)": [-0.5672962503748032, -0.5001858171040168], "(26, 10, 0)": [0.0, 0.0], "(21, 2, 1)": [0.9818906426451672, 0.0022220539557702176], "(26, 6, 0)": [0.0, 0.0], "(20, 6, 0)": [0.7179074455295017, -0.8979357395333343], "(15, 10, 1)": [-0.5822306895950307, -0.0016702251629030663], "(30, 6, 0)": [0.0, 0.0], "(21, 1, 1)": [0.7373277474998722, -0.0009139253909346745], "(18, 9, 0)": [-0.30346427211429977, -0.7619417358686333], "(13, 10, 0)": [-0.5534376188116157, -0.37185688342693546], "(12, 8, 0)": [-0.5002406767343129, -0.30695877424165113], "(17, 9, 0)": [-0.44998682057218453, -0.6954259205255429], "(21, 1, 0)": [0.6330687405329221, -0.9959441055966894], "(13, 1, 0)": [-0.7993967996806445, -0.3177053160984801], "(31, 1, 0)": [0.0, 0.0], "(25, 4, 0)": [0.0, 0.0], "(15, 4, 0)": [-0.3632571600917449, -0.5271543147184514], "(25, 10, 0)": [0.0, 0.0], "(6, 8, 0)": [-0.43138577938195966, -0.0029844707050597154], "(22, 3, 0)": [0.0, 0.0], "(12, 3, 0)": [-0.41958154099866174, -0.29683881879444174], "(15, 3, 0)": [-0.28811401790117835, -0.5166797144005694], "(16, 7, 0)": [-0.5530135323228622, -0.664630403199908], "(8, 2, 0)": [-0.229995526681067, -0.0009755124879076492], "(30, 9, 0)": [0.0, 0.0], "(20, 9, 0)": [0.6772967152676276, -0.9203333663228976], "(17, 4, 0)": [0.005059567144287144, -0.699976925591518], "(27, 4, 0)": [0.0, 0.0], "(13, 4, 0)": [-0.2246848817912753, -0.38869568840022994], "(22, 5, 0)": [0.0, 0.0], "(12, 5, 0)": [-0.424499937982309, -0.3460413989531373], "(26, 7, 0)": [0.0, 0.0], "(20, 7, 0)": [0.8110801096042614, -0.9081873890830533], "(15, 9, 0)": [-0.6560713405358675, -0.5217910065211769], "(13, 10, 1)": [-0.529657512441883, -0.0003140247509183027], "(19, 10, 0)": [-0.061117115028293895, -0.8286359745427314], "(21, 10, 0)": [0.8729371350128701, -0.9999999981733324], "(17, 3, 0)": [-0.03953202617906715, -0.6510125410055667], "(13, 3, 0)": [-0.29241261022423165, -0.4644856434513617], "(16, 10, 0)": [-0.7130096073203194, -0.5780034469737682], "(6, 9, 0)": [-0.4229675682973003, -0.002479950613355397], "(13, 6, 1)": [-0.1779571641515378, 0.0008846455201156764], "(14, 9, 0)": [-0.6894215456110379, -0.4662910183926226], "(26, 9, 0)": [0.0, 0.0], "(17, 8, 0)": [-0.3977233212210483, -0.633111237637424], "(10, 8, 0)": [-0.5071151303761212, 0.0012230151013444877], "(17, 6, 0)": [-0.04949356209758747, -0.6980634769600711], "(15, 9, 1)": [-0.4387005053040203, -0.0014823784747700387], "(16, 9, 0)": [-0.5095740047638239, -0.6862295759813083], "(17, 10, 0)": [-0.4277194226653437, -0.696894288076877], "(23, 10, 0)": [0.0, 0.0], "(16, 1, 0)": [-0.7562238990615827, -0.6416724997477824], "(18, 1, 0)": [-0.4349773071575623, -0.7987819528330911], "(9, 1, 0)": [-0.80211207368542, -0.0027332510102295246], "(27, 1, 0)": [0.0, 0.0], "(16, 5, 0)": [-0.233243872423815, -0.6483161502172641], "(21, 6, 0)": [0.8793738459993269, -0.9816849777828334], "(24, 9, 0)": [0.0, 0.0], "(14, 6, 1)": [-0.1340245745261494, 0.0010110027067717511], "(12, 1, 0)": [-0.8213380088501355, -0.28869282906301197], "(25, 8, 0)": [0.0, 0.0], "(10, 2, 0)": [-0.28825778637426125, 0.0022290748662363814], "(5, 4, 0)": [-0.20206838838701252, -0.0012479980006620183], "(4, 6, 0)": [-0.02928139888981912, -0.0008664503933759379], "(13, 8, 0)": [-0.5295297134647187, -0.3820392484259711], "(21, 4, 1)": [0.9785217492568749, 0.002990308550298168], "(11, 4, 0)": [-0.19059770751211974, 0.0029822423234505883], "(16, 6, 1)": [-0.08936339926316082, 0.0004946269500342763], "(15, 1, 0)": [-0.722282664347661, -0.5317904645329751], "(10, 1, 0)": [-0.8760621958735425, -0.0020274834094919556], "(15, 6, 0)": [-0.2326684396157249, -0.549090617488985], "(27, 10, 0)": [0.0, 0.0], "(18, 9, 1)": [-0.19398297334375003, -0.0010716786366464176], "(13, 9, 1)": [-0.36253933972334623, -2.5636623695046072e-05], "(10, 3, 0)": [-0.14051270513591232, 0.0016278215815636534], "(17, 7, 1)": [-0.21034720702036136, 0.0008428535645450747], "(30, 4, 0)": [0.0, 0.0], "(20, 4, 0)": [0.6712632141833428, -0.9220873153254173], "(18, 3, 1)": [-0.05948661291186093, 0.0016259689611882984], "(14, 5, 0)": [-0.1133159966786935, -0.46518803083891563], "(13, 5, 0)": [-0.17306470589535336, -0.38057000446499173], "(14, 1, 0)": [-0.7938560415848488, -0.43970164721782634], "(4, 1, 0)": [-0.34073824702940797, -0.0020581261731160783], "(23, 1, 0)": [0.0, 0.0], "(7, 3, 0)": [-0.30368597133285236, -0.0013868610777717674], "(23, 2, 0)": [0.0, 0.0], "(20, 2, 0)": [0.6605522498277839, -0.9076019086266507], "(12, 10, 1)": [-0.46172829674177396, -0.00017372985636944757], "(9, 8, 0)": [-0.5288639743395435, 0.0007494666962805864], "(13, 7, 0)": [-0.47731727653280814, -0.39703307833977003], "(12, 7, 0)": [-0.46477763035651765, -0.30225396939164995], "(14, 7, 0)": [-0.5923061882793261, -0.46053449774755045], "(24, 7, 0)": [0.0, 0.0], "(16, 3, 0)": [-0.23788646545468956, -0.6090378576429787], "(8, 7, 0)": [-0.4196566466120461, -8.475885659698574e-05], "(19, 7, 0)": [0.7331882067665829, -0.7829677071501157], "(11, 10, 0)": [-0.6635693060237778, 0.0003303034132812161], "(11, 7, 0)": [-0.4377888788539119, 0.002891741836187044], "(16, 6, 0)": [-0.22980732902755102, -0.6364689246490705], "(24, 6, 0)": [0.0, 0.0], "(13, 6, 0)": [-0.24174963380142192, -0.3499155153102646], "(22, 10, 0)": [0.0, 0.0], "(11, 8, 0)": [-0.528609475725763, 0.0025365850956230503], "(4, 8, 0)": [-0.2665345600663881, -0.0020901437615321165], "(20, 8, 0)": [0.7870966925379822, -0.9375769778741048], "(18, 6, 0)": [0.19506466555329652, -0.7769855622634959], "(21, 8, 1)": [0.9853936932466429, 0.0021733605452471843], "(9, 7, 0)": [-0.47472143096503466, 0.0008273828446374874], "(21, 7, 0)": [0.9347540233429017, -0.9900790257989598], "(21, 7, 1)": [0.9737031730819913, 0.0027885314568932146], "(9, 10, 0)": [-0.4455130803611011, -0.001996441290391083], "(19, 3, 0)": [0.3555239376189842, -0.8435415076028623], "(17, 5, 0)": [0.048432603129639526, -0.6803468744010932], "(21, 5, 1)": [0.9655540799421367, 0.0031180080324093094], "(17, 2, 0)": [-0.19952629594758578, -0.699331449145452], "(17, 2, 1)": [-0.043447812215236165, -0.00012603383006009117], "(30, 2, 0)": [0.0, 0.0], "(25, 1, 0)": [0.0, 0.0], "(10, 6, 0)": [-0.2246834815659743, 0.003567082764954394], "(14, 4, 0)": [-0.22633649152525326, -0.43752343218981726], "(8, 8, 0)": [-0.4863152406739156, -0.0011827099204679027], "(6, 2, 0)": [-0.22859174618236208, -0.0019362382917114274], "(10, 10, 0)": [-0.5836449230932351, -0.0007358276398391368], "(30, 10, 0)": [0.0, 0.0], "(20, 10, 0)": [0.4270594743705424, -0.9187807147018481], "(8, 9, 0)": [-0.5938656094552194, -0.0025082257644832868], "(6, 10, 0)": [-0.5758614869721386, -0.0030141869204141102], "(21, 3, 1)": [0.962525206526001, 0.002233884195545725], "(30, 8, 0)": [0.0, 0.0], "(15, 3, 1)": [-0.09474664158219473, 3.6435780231919396e-05], "(9, 3, 0)": [-0.1808383331478493, 0.0007728847525605307], "(23, 5, 0)": [0.0, 0.0], "(7, 6, 0)": [-0.15895083214930583, -0.0003911310095980375],