{"q_values": {"(19, 7, 0)": [0.6506031201624579, -0.7780886868443864], "(9, 7, 0)": [-0.2990949335120283, 0.10843283272708155], "(21, 8, 1)": [0.9950100076340729, 0.07703009798191736], "(12, 10, 0)": [-0.596108588248553, -0.46383558028651667], "(20, 10, 1)": [0.4276016139173316, -0.18515165723314264], "(14, 7, 0)": [-0.4893939305106696, -0.3199675572447593], "(11, 7, 0)": [-0.528793734474164, 0.2791785225125671], "(17, 10, 0)": [-0.4161220280602697, -0.6378683049193574], "(15, 10, 0)": [-0.6997374557281586, -0.49251714559702575], "(27, 10, 0)": [0.0, 0.0], "(20, 10, 0)": [0.4084292427625301, -0.8052028340654911], "(14, 1, 0)": [-0.7989405170030509, -0.5843651432908794], "(10, 1, 0)": [-0.7381215715872173, -0.18141421668075333], "(24, 1, 0)": [0.0, 0.0], "(13, 9, 0)": [-0.5081683111138792, -0.42804583040619176], "(18, 4, 0)": [0.20336860906757007, -0.6554233049109763], "(10, 4, 0)": [-0.08910897045912691, 0.20872358385891387], "(17, 3, 1)": [-0.08011050726521027, 0.07358701754298212], "(13, 2, 0)": [-0.43063229822305416, -0.2918089898216456], "(21, 2, 1)": [0.9904316396615896, -0.020489621629254162], "(20, 8, 0)": [0.7534662903605351, -0.8961056831941158], "(10, 8, 0)": [-0.5409270474637028, 0.18153233247142223], "(21, 8, 0)": [0.9351300454912533, -0.9945168414817309], "(27, 8, 0)": [0.0, 0.0], "(21, 3, 0)": [0.8473797040902871, -0.9797485789211506], "(11, 3, 0)": [-0.2262165668172211, 0.30209433231015137], "(12, 5, 0)": [-0.3446942489870667, -0.21124342121221162], "(14, 3, 0)": [-0.44183690510478657, -0.23804311835260555], "(16, 3, 0)": [-0.2526774462750025, -0.4438720747785869], "(25, 10, 0)": [0.0, 0.0], "(16, 2, 0)": [-0.2228125727736536, -0.5820025020893713], "(21, 3, 1)": [0.9894491414043592, 0.0685611188098319], "(9, 10, 0)": [-0.7736988652627582, -0.15993150760427963], "(16, 10, 0)": [-0.6891677117744366, -0.6398380324110795], "(17, 1, 0)": [-0.51465450614194, -0.7502317305353157], "(19, 8, 0)": [0.61457344011281, -0.6713036784968199], "(13, 6, 0)": [-0.35702273047483324, -0.21167564502422276], "(4, 10, 0)": [-0.49459939175024137, -0.32660111921915497], "(18, 10, 0)": [-0.351364193691662, -0.7241810625907904], "(7, 9, 0)": [-0.6087867104298545, -0.3168304459169961], "(15, 8, 1)": [-0.3974037610334302, 0.003262166895784817], "(4, 8, 0)": [-0.27215226985950014, -0.1689931280566401], "(17, 8, 1)": [-0.27039616548035517, -0.11732002918070689], "(9, 9, 0)": [-0.47067667217476616, -0.08667686079398482], "(14, 10, 0)": [-0.6537282335025354, -0.4765089590611604], "(20, 5, 0)": [0.7350671665065028, -0.8535681084871923], "(25, 7, 0)": [0.0, 0.0], "(20, 7, 0)": [0.7564681531282016, -0.8893403393420029], "(20, 9, 0)": [0.7232570771831054, -0.843985840311542], "(10, 10, 0)": [-0.6145966862831795, -0.03135290142095704], "(19, 10, 0)": [0.030529169645847253, -0.8303802560624177], "(21, 10, 0)": [0.860797945872557, -0.9999999852246044], "(31, 10, 0)": [0.0, 0.0], "(13, 1, 0)": [-0.7117426711898996, -0.5659824347864315], "(7, 1, 0)": [-0.7725963704002126, -0.48821206178307996], "(12, 6, 0)": [-0.30489914566536586, -0.19549510626255429], "(12, 3, 0)": [-0.3557751406837834, -0.22100794890823644], "(13, 10, 0)": [-0.6634172116418778, -0.42427452038039476], "(14, 8, 0)": [-0.5229770923647895, -0.2846249171215924], "(18, 10, 1)": [-0.28838116395531344, -0.15288088072026026], "(22, 7, 0)": [0.0, 0.0], "(15, 9, 0)": [-0.6556567343186005, -0.5154150406926461], "(30, 10, 0)": [0.0, 0.0], "(7, 10, 0)": [-0.5489979567956906, -0.3494237816573136], "(10, 7, 0)": [-0.42143838476207773, 0.25593955211947156], "(18, 9, 0)": [-0.11069201650289628, -0.6427008789661074], "(14, 9, 0)": [-0.59201026673165, -0.4081376514408327], "(21, 9, 0)": [0.9586226464466191, -0.9918855663732461], "(31, 9, 0)": [0.0, 0.0], "(18, 2, 0)": [0.1566168436049198, -0.6032219948603174], "(18, 2, 1)": [0.2414876443986715, -0.07466874124533525], "(21, 4, 0)": [0.8511660543718205, -0.9782725308645739], "(14, 4, 0)": [-0.27471191625763347, -0.4319203086317337], "(29, 5, 0)": [0.0, 0.0], "(16, 7, 0)": [-0.5985668863659033, -0.2947031215318015], "(16, 8, 0)": [-0.6479758525868238, -0.5312654934498425], "(12, 8, 0)": [-0.5049511250271804, -0.36236071841800394], "(22, 8, 0)": [0.0, 0.0], "(30, 4, 0)": [0.0, 0.0], "(20, 4, 0)": [0.6506580663179863, -0.819183589712061], "(17, 7, 0)": [-0.14310789814435526, -0.5303814770450784], "(17, 7, 1)": [-0.12210329197805113, 0.12571494207683956], "(18, 6, 0)": [0.24721343720170721, -0.7220890936845238], "(15, 6, 0)": [-0.24894966730255724, -0.45365733127154545], "(28, 6, 0)": [0.0, 0.0], "(29, 10, 0)": [0.0, 0.0], "(11, 10, 0)": [-0.5646991569062841, 0.08621063341063952], "(15, 5, 0)": [-0.10307188847540064, -0.4097411108855438], "(13, 5, 0)": [-0.38532767222527886, -0.20539710892906665], "(11, 4, 0)": [-0.20766710705568828, 0.28624685793828875], "(14, 2, 0)": [-0.28644596800449285, -0.4895615722360418], "(21, 5, 1)": [0.9820884038177502, 0.1444201766088599], "(15, 10, 1)": [-0.6862253301416792, -0.21180387410376447], "(27, 2, 0)": [0.0, 0.0], "(17, 2, 0)": [-0.1488343189862484, -0.6071873224897042], "(20, 3, 0)": [0.6354702700743524, -0.8892906970311151], "(16, 10, 1)": [-0.5563228018044006, -0.25996816067661976], "(20, 8, 1)": [0.8019587800188721, -0.04764179760161952], "(14, 8, 1)": [-0.3899459908006909, 0.004557100485384345], "(17, 8, 0)": [-0.3055187498330648, -0.6211058532700102], "(21, 10, 1)": [0.9103416144372901, -0.109651667605157], "(22, 3, 0)": [0.0, 0.0], "(26, 7, 0)": [0.0, 0.0], "(20, 2, 0)": [0.6744270966668104, -0.8545375853924623], "(21, 4, 1)": [0.982821184343945, 0.10082038839113006], "(18, 1, 0)": [-0.31293694536378563, -0.7496023104951774], "(19, 6, 0)": [0.4693391779636884, -0.7244250667323379], "(19, 6, 1)": [0.48449488425992004, -0.07013370894797481], "(29, 6, 0)": [0.0, 0.0], "(22, 1, 0)": [0.0, 0.0], "(28, 1, 0)": [0.0, 0.0], "(8, 10, 0)": [-0.7004249318722242, -0.28670826352605855], "(12, 2, 0)": [-0.41272711135361134, -0.28951574988757456], "(12, 2, 1)": [-0.1253749378152821, 0.043411814893006585], "(15, 3, 0)": [-0.34740791581769365, -0.4090092627238105], "(8, 3, 0)": [-0.29671234652086226, 0.01169041381010615], "(16, 5, 0)": [-0.155428206574753, -0.5577826949875035], "(30, 2, 0)": [0.0, 0.0], "(19, 3, 1)": [0.40389967090739937, -0.04382046619142785], "(17, 3, 0)": [-0.00621954288835232, -0.6180085565307525], "(23, 9, 0)": [0.0, 0.0], "(16, 8, 1)": [-0.28312568838273994, -0.08890024041347017], "(26, 10, 0)": [0.0, 0.0], "(19, 1, 0)": [-0.11367492748116827, -0.8339168554625441], "(21, 1, 1)": [0.6536240688132016, -0.2752409227744957], "(23, 1, 0)": [0.0, 0.0], "(15, 4, 0)": [-0.3881851276434193, -0.5553770476349175], "(16, 4, 1)": [-0.1387826739768524, 0.049431505127881074], "(25, 4, 0)": [0.0, 0.0], "(12, 1, 0)": [-0.7427488920925678, -0.5064091647879261], "(30, 1, 0)": [0.0, 0.0], "(20, 1, 0)": [0.1724174461575666, -0.8775229537808126], "(21, 6, 0)": [0.9114890966929385, -0.9807411000576793], "(22, 4, 0)": [0.0, 0.0], "(22, 10, 0)": [0.0, 0.0], "(28, 10, 0)": [0.0, 0.0], "(28, 9, 0)": [0.0, 0.0], "(5, 10, 0)": [-0.5890865311955482, -0.36283992056633374], "(26, 5, 0)": [0.0, 0.0], "(21, 6, 1)": [0.9897554659640565, 0.05265101595557093], "(19, 4, 0)": [0.4162072027750058, -0.7128984924717369], "(16, 4, 0)": [-0.25495410622720743, -0.5586424976585522], "(15, 2, 0)": [-0.3212459334771317, -0.5093625707326661], "(24, 2, 0)": [0.0, 0.0], "(5, 4, 0)": [-0.177454298508729, -0.07152537936764441], "(17, 6, 0)": [0.0743157860556452, -0.47622500809417223], "(23, 10, 0)": [0.0, 0.0], "(30, 6, 0)": [0.0, 0.0], "(20, 6, 0)": [0.7901646199192107, -0.8984998111117808], "(25, 3, 0)": [0.0, 0.0], "(24, 8, 0)": [0.0, 0.0], "(26, 3, 0)": [0.0, 0.0], "(25, 2, 0)": [0.0, 0.0], "(19, 2, 0)": [0.378650803235648, -0.7633060286743971], "(9, 6, 0)": [-0.08306928663257693, 0.19095099371990779], "(23, 6, 0)": [0.0, 0.0], "(10, 6, 0)": [-0.12371528142984917, 0.31848175384553845], "(24, 9, 0)": [0.0, 0.0], "(17, 4, 0)": [-0.10272467835605482, -0.5666949927875067],