{"q_values": {"tuple[0, 0, False]": [0.0, 0.0], "(13, 10, 0)": [-0.5511434562405764, -0.3785641944144257], "(18, 10, 0)": [-0.2562057699412285, -0.7059406296609644], "(19, 9, 0)": [0.2980101247200004, -0.5147179957519611], "(15, 10, 0)": [-0.6684546871257245, -0.5380118171815698], "(14, 10, 0)": [-0.6777051639228685, -0.4212174961220185], "(20, 10, 0)": [0.41783386618071533, -0.9512509366073586], "(10, 8, 0)": [-0.1974875036876704, 0.0], "(19, 8, 0)": [0.5725876373466064, -0.503873324890859], "(12, 2, 0)": [-0.3330129567599309, -0.3046921995810022], "(12, 10, 1)": [-0.12407788149191573, 0.0], "(17, 10, 0)": [-0.479664273941696, -0.6978588008659713], "(12, 10, 0)": [-0.5930812236471741, -0.2265996174765641], "(21, 8, 1)": [1.3226535865021607, 0.0], "(13, 6, 0)": [-0.3385627852571731, -0.33242938472013445], "(14, 6, 0)": [-0.26920762275790056, -0.3172863786972591], "(11, 3, 0)": [-0.04727584799556675, 0.0], "(14, 3, 0)": [-0.33692837429652484, -0.38582676365358526], "(16, 10, 0)": [-0.597897316465005, -0.7106648158268172], "(15, 1, 0)": [-0.6466824353956523, -0.5547872600959308], "(20, 4, 0)": [0.6755788261098216, -0.6495793423187679], "(15, 1, 1)": [-0.08478933550085592, 0.0], "(19, 10, 0)": [-0.07059503695553138, -0.8349095981559046], "(15, 5, 0)": [-0.1408877017204057, -0.3842107990827346], "(14, 8, 0)": [-0.5327237075470381, -0.523804534246425], "(15, 4, 0)": [-0.24975479885577365, -0.2974567880111853], "(21, 4, 0)": [0.7363085345747395, -0.3827098590577118], "(11, 8, 0)": [-0.24050985961816537, 0.0], "(19, 2, 0)": [0.32939339141935875, -0.4740296239537618], "(7, 1, 0)": [-0.18847895127117015, 0.0], "(10, 1, 0)": [-0.297889565404415, 0.0], "(18, 1, 0)": [-0.33427968610334763, -0.531525121537184], "(9, 3, 0)": [-0.1928046329984582, 0.0], "(5, 10, 0)": [-0.19428915098135108, 0.0], "(8, 10, 0)": [-0.47229506051891645, 0.0], "(17, 7, 0)": [-0.13130699648274402, -0.40022092289501887], "(9, 10, 0)": [-0.33203038449218003, 0.0], "(14, 5, 0)": [-0.14379960911927198, -0.33241757091101665], "(10, 2, 0)": [-0.1273589631067046, 0.0], "(13, 2, 0)": [-0.3163824295807862, -0.4171416298028595], "(8, 3, 0)": [-0.06511472840808037, 0.0], "(18, 7, 0)": [0.39766365668364195, -0.4631146614397977], "(20, 3, 0)": [0.7821490878112229, -0.7114152732232337], "(15, 8, 1)": [-0.02970293089501, 0.0], "(20, 2, 0)": [0.6554091491736628, -0.6836997226785728], "(19, 6, 1)": [0.4009158417480117, 0.0], "(14, 7, 0)": [-0.4636061567536523, -0.39303976267915164], "(8, 5, 0)": [-0.03782647419324712, 0.0], "(12, 5, 0)": [-0.19921889324292025, -0.29062258258614043], "(19, 3, 0)": [0.33435297909794714, -0.4383868006978465], "(21, 7, 1)": [1.2580360230327217, 0.0], "(6, 2, 0)": [-0.016714010803610894, 0.0], "(16, 2, 0)": [-0.4376292528031864, -0.44973165990532726], "(14, 4, 0)": [-0.22954316949109843, -0.3536933445650167], "(16, 1, 0)": [-0.6807898265197343, -0.6451570169704123], "(21, 9, 1)": [1.3173446240227111, 0.0], "(20, 10, 1)": [0.42877150281043475, 0.0], "(12, 9, 0)": [-0.4107595894736654, -0.2801871150547168], "(12, 7, 1)": [-0.048722731893010005, 0.0], "(15, 6, 0)": [-0.2263520124079593, -0.3260804414443908], "(19, 6, 0)": [0.5271779484857319, -0.481015943629692], "(20, 6, 0)": [0.5632373399399814, -0.6060726948443891], "(20, 1, 0)": [0.22388886485599999, -0.733989025252017], "(13, 3, 0)": [-0.29781775902463614, -0.4122813704842343], "(15, 3, 0)": [-0.150093941814506, -0.3619099129408512], "(19, 7, 0)": [0.5749882127204585, -0.5084769400275143], "(21, 10, 1)": [1.2387147193242445, 0.0], "(15, 9, 1)": [-0.06670975637868944, 0.0], "(16, 9, 1)": [-0.047264731490796685, 0.0], "(13, 1, 0)": [-0.49541723142019034, -0.32315390184522547], "(12, 7, 0)": [-0.3984372274793599, -0.3429855845897539], "(12, 8, 1)": [-0.029209950100000003, 0.0], "(10, 7, 0)": [-0.20139354995164455, 0.0], "(9, 4, 0)": [-0.07273362125608976, 0.0], "(17, 10, 1)": [-0.2055404141817332, 0.0], "(19, 1, 0)": [-0.16165554935919454, -0.5322698120960372], "(16, 4, 0)": [-0.21004056789529654, -0.3900038474703706], "(14, 2, 0)": [-0.17381006249487374, -0.3306282535144497], "(16, 6, 1)": [-0.05636434671787227, 0.0], "(18, 8, 0)": [0.2406870019551737, -0.3801056999415293], "(13, 7, 0)": [-0.45222154826751715, -0.4272304728704875], "(18, 5, 1)": [0.13011716528061004, 0.0], "(18, 5, 0)": [0.17765274260412275, -0.5045857991843911], "(10, 9, 0)": [-0.23645843343577078, 0.0], "(13, 4, 1)": [-0.00941023067315287, 0.0], "(7, 2, 0)": [-0.08517941530085592, 0.0], "(17, 2, 0)": [-0.18504178508891325, -0.40547105604212763], "(16, 6, 0)": [-0.2093662468776553, -0.37088392506546636], "(10, 4, 0)": [-0.08181801275121676, 0.0], "(13, 8, 0)": [-0.41928877933081515, -0.36714962364893977], "(11, 10, 0)": [-0.5601578809636805, 0.0], "(9, 2, 0)": [-0.02483652725197428, 0.0], "(11, 7, 0)": [-0.18928350093294155, 0.0], "(21, 7, 0)": [0.84241331115238, -0.3888827604671347], "(6, 1, 0)": [-0.12874222890512435, 0.0], "(13, 10, 1)": [-0.2622739751419406, 0.0], "(21, 2, 1)": [1.2373129718538278, 0.0], "(8, 1, 0)": [-0.21787427561333783, 0.0], "(21, 10, 0)": [0.8985377785391266, -0.8893101964006586], "(18, 9, 1)": [-0.001170143731095686, 0.0], "(15, 9, 0)": [-0.5491613317969909, -0.49831743294125286], "(17, 9, 0)": [-0.41628259450176636, -0.48875113294455297], "(12, 4, 0)": [-0.22775262970687524, -0.2873613038788641], "(11, 1, 0)": [-0.289386172580634, 0.0], "(7, 10, 0)": [-0.36062242868498534, 0.0], "(20, 5, 0)": [0.6000777667852298, -0.6508041529590923], "(19, 9, 1)": [0.3392010843591096, 0.0], "(15, 2, 1)": [-0.05851617733317343, 0.0], "(13, 9, 0)": [-0.4412081302677538, -0.4227859543783348], "(20, 9, 0)": [0.8125163654309262, -0.6647008836900071], "(12, 6, 0)": [-0.26984816496700526, -0.3086028719261994], "(21, 1, 1)": [0.830826303931404, 0.0], "(9, 5, 0)": [-0.04777977063828964, 0.0], "(15, 10, 1)": [-0.31379373849182896, 0.0], "(15, 2, 0)": [-0.23503669418475892, -0.31754819502227877], "(15, 7, 1)": [-0.036587363601369785, 0.0], "(15, 7, 0)": [-0.43503979664103426, -0.5441174856239186], "(12, 8, 0)": [-0.39606680950168066, -0.3361604221157064], "(16, 8, 0)": [-0.37750013798013493, -0.6055514694736509], "(14, 4, 1)": [-0.020832536453382226, 0.0], "(20, 4, 1)": [0.4794961610231009, 0.0], "(18, 3, 0)": [0.04860338727624136, -0.46799058277971317], "(18, 2, 0)": [0.09452220450675106, -0.442073418569672], "(17, 4, 0)": [0.004150377489347447, -0.3955915951282239], "(19, 4, 0)": [0.36020159195640944, -0.4354323809827357], "(16, 3, 0)": [-0.32729168409351933, -0.35302513216895615], "(20, 1, 1)": [-0.0005749337129324992, 0.0], "(20, 7, 0)": [0.7499373562967562, -0.5868598656404155], "(10, 10, 0)": [-0.5097856372991911, 0.0], "(12, 3, 0)": [-0.34803499241162467, -0.31943603008753424], "(18, 2, 1)": [-0.06279567074062918, 0.0], "(15, 8, 0)": [-0.5672831447893457, -0.5276035890337989], "(16, 2, 1)": [-0.056606004791195506, 0.0], "(18, 6, 0)": [0.27315875983193666, -0.37034071479793634], "(21, 6, 1)": [1.2370871217886439, 0.0], "(21, 6, 0)": [0.719058791392766, -0.23765728565289626], "(20, 8, 0)": [0.7500989721980431, -0.7166735784723147], "(13, 6, 1)": [-0.036626541859006295, 0.0], "(17, 1, 0)": [-0.6663525539793451, -0.7209667060820569], "(8, 2, 0)": [-0.05608496771562266, 0.0], "(15, 4, 1)": [-0.06699493165272516, 0.0], "(7, 7, 0)": [-0.09287740934244709, 0.0], "(17, 5, 0)": [-0.09345020851902588, -0.37409171008191194], "(4, 1, 0)": [-0.0199, 0.0], "(17, 8, 0)": [-0.45073697477167124, -0.6045221692016964], "(12, 1, 0)": [-0.6086940523538661, -0.2877868065555028], "(16, 7, 0)": [-0.4416309787380877, -0.5664385458086914], "(9, 7, 0)": [-0.10061715478627371, 0.0], "(9, 9, 0)": [-0.11937812918511491, 0.0], "(14, 9, 0)": [-0.5466213485000628, -0.44192430082008516], "(10, 3, 0)": [-0.12200012178624002, 0.0], "(7, 5, 0)": [-0.07562542957723307, 0.0], "(10, 5, 0)": [-0.07376648063768732, 0.0], "(13, 5, 0)": [-0.27799631350077314, -0.29137613846517846], "(11, 9, 0)": [-0.26010225054067376, 0.0], "(17, 3, 0)": [-0.24199864098599264, -0.4228033013440809],